Workbook

Sheet Итог
B3: Вводные данные | H3: вцелом, на основании данных по торговым точкам, где мы наблюдаем статистически значимую разницу между "тестовой" и контрольной группами, можно сделать вывод об обоснованности смены маркетинговой механики, уведомления об акциях и скидках в форме пуш-уведомления являются более эффективными и в тестовых группах средний чек с покупки вырос
B4: N | E4: 1000
B5: MDE | E5: 1000
B6: Итоговые результаты
B7: Положительный исход | E7: =positive!$O$19 -> 263633.2
B8: Отрицательный исход | E8: =negative!$O$5 -> -25613.744
B9: Баланс | E9: =E7+E8 -> 238019.45
B10: Кол-во наблюдений | E10: =neutral!$O$33 -> 4223.9747

Sheet positive
A1: city | B1: id_trading_point | C1: count_test | D1: count_control | E1: count_all | F1: percent_count | G1: avg_payment_test | H1: avg_payment_control | I1: diff | J1: sigma_test | K1: sigma_control | L1: ttest | M1: pvalue_ttest | N1: exp_flag | O1: Прирост выручки
A2: Санкт-Петербург | B2: 453 | C2: 1066 | D2: 1049 | E2: 2115 | F2: 4.6670197 | G2: 2501.9662 | H2: 1889.9237 | I2: 612.04249 | J2: 2993.4425 | K2: 2648.6593 | L2: 4.9769102 | M2: 6.9832069e-07 | N2: positive | O2: =Итог!$E$4*(positive!$F2/100)*positive!$I2 -> 28564.144
A3: Москва | B3: 2652 | C3: 2273 | D3: 2370 | E3: 4643 | F3: 10.245377 | G3: 2506.6168 | H3: 1972.8477 | I3: 533.76913 | J3: 2842.1829 | K3: 2565.8782 | L3: 6.7222298 | M3: 2.0059224e-11 | N3: positive | O3: =Итог!$E$4*(positive!$F3/100)*positive!$I3 -> 54686.66
A4: Санкт-Петербург | B4: 117 | C4: 625 | D4: 587 | E4: 1212 | F4: 2.674434 | G4: 2582.2976 | H4: 2050.6917 | I4: 531.60595 | J4: 2835.0045 | K4: 2595.7378 | L4: 3.3981956 | M4: 0.00070038166 | N4: positive | O4: =Итог!$E$4*(positive!$F4/100)*positive!$I4 -> 14217.45
A5: Владимир | B5: 11 | C5: 509 | D5: 608 | E5: 1117 | F5: 2.4648043 | G5: 2547.22 | H5: 2108.6102 | I5: 438.60984 | J5: 3023.7022 | K5: 2663.0384 | L5: 2.5769555 | M5: 0.010095112 | N5: positive | O5: =Итог!$E$4*(positive!$F5/100)*positive!$I5 -> 10810.874
A6: Самара | B6: 33 | C6: 232 | D6: 258 | E6: 490 | F6: 1.0812481 | G6: 4598.2198 | H6: 2311.3876 | I6: 2286.8322 | J6: 2931.2349 | K6: 2371.7713 | L6: 9.5328379 | M6: 7.222519e-20 | N6: positive | O6: =Итог!$E$4*(positive!$F6/100)*positive!$I6 -> 24726.329
A7: Москва | B7: 1287 | C7: 370 | D7: 357 | E7: 727 | F7: 1.6042191 | G7: 2128.5568 | H7: 1394.6555 | I7: 733.90129 | J7: 2437.3765 | K7: 2338.4618 | L7: 4.1402972 | M7: 3.876566e-05 | N7: positive | O7: =Итог!$E$4*(positive!$F7/100)*positive!$I7 -> 11773.385
A8: Москва | B8: 1654 | C8: 799 | D8: 775 | E8: 1574 | F8: 3.4732336 | G8: 3132.3016 | H8: 2507.8865 | I8: 624.41518 | J8: 3199.6602 | K8: 2950.5129 | L8: 4.0217393 | M8: 6.0509708e-05 | N8: positive | O8: =Итог!$E$4*(positive!$F8/100)*positive!$I8 -> 21687.398
A9: Санкт-Петербург | B9: 900 | C9: 335 | D9: 341 | E9: 676 | F9: 1.491681 | G9: 2450.991 | H9: 1689.7918 | I9: 761.19926 | J9: 2865.6074 | K9: 2492.4726 | L9: 3.6869136 | M9: 0.00024525342 | N9: positive | O9: =Итог!$E$4*(positive!$F9/100)*positive!$I9 -> 11354.665
A10: Казань | B10: 991 | C10: 270 | D10: 294 | E10: 564 | F10: 1.2445386 | G10: 3249.2815 | H10: 2452.9864 | I10: 796.29509 | J10: 4719.5926 | K10: 3633.9359 | L10: 2.2552584 | M10: 0.024501005 | N10: positive | O10: =Итог!$E$4*(positive!$F10/100)*positive!$I10 -> 9910.1997
A11: Самара | B11: 34 | C11: 225 | D11: 253 | E11: 478 | F11: 1.0547685 | G11: 3104.5067 | H11: 1752.6087 | I11: 1351.898 | J11: 2956.8269 | K11: 2529.7008 | L11: 5.386265 | M11: 1.1327785e-07 | N11: positive | O11: =Итог!$E$4*(positive!$F11/100)*positive!$I11 -> 14259.394
A12: Санкт-Петербург | B12: 213 | C12: 232 | D12: 255 | E12: 487 | F12: 1.0746282 | G12: 2977.6293 | H12: 2277.6118 | I12: 700.01755 | J12: 2905.4944 | K12: 2710.0434 | L12: 2.7507519 | M12: 0.0061682153 | N12: positive | O12: =Итог!$E$4*(positive!$F12/100)*positive!$I12 -> 7522.5858
A13: Самара | B13: 35 | C13: 214 | D13: 194 | E13: 408 | F13: 0.90030451 | G13: 2762.2243 | H13: 1508.8351 | I13: 1253.3892 | J13: 2977.0835 | K13: 2184.8081 | L13: 4.8066662 | M13: 2.1646757e-06 | N13: positive | O13: =Итог!$E$4*(positive!$F13/100)*positive!$I13 -> 11284.32
... A18: Самара | B18: 36 | C18: 131 | D18: 141 | E18: 272 | F18: 0.60020301 | G18: 1987.3282 | H18: 860.41844 | I18: 1126.9098 | J18: 2718.5027 | K18: 1840.8266 | L18: 4.0279507 | M18: 7.3187581e-05 | N18: positive | O18: =Итог!$E$4*(positive!$F18/100)*positive!$I18 -> 6763.7466
O19: =SUM(O2:O18) -> 263633.2
A21: в данных торговых точках наблюдаем положительную статистически значимую разницу в среднем чеке с покупки в тестовой группе

Sheet negative
A1: city | B1: id_trading_point | C1: count_test | D1: count_control | E1: count_all | F1: percent_count | G1: avg_payment_test | H1: avg_payment_control | I1: diff | J1: sigma_test | K1: sigma_control | L1: ttest | M1: pvalue_ttest | N1: exp_flag | O1: Падение выручки
A2: Волгоград | B2: 66 | C2: 657 | D2: 703 | E2: 1360 | F2: 3.001015 | G2: 2288.8706 | H2: 2601.761 | I2: -312.8904 | J2: 2682.5676 | K2: 2830.1938 | L2: -2.0892719 | M2: 0.036868999 | N2: negative | O2: =Итог!$E$4*(negative!$F2/100)*negative!$I2 -> -9389.888
A3: Краснодар | B3: 1101 | C3: 785 | D3: 869 | E3: 1654 | F3: 3.6497639 | G3: 2176.0038 | H3: 2523.5788 | I3: -347.575 | J3: 2722.6245 | K3: 2960.3523 | L3: -2.4767363 | M3: 0.013358448 | N3: negative | O3: =Итог!$E$4*(negative!$F3/100)*negative!$I3 -> -12685.667
A4: Москва | B4: 9931 | C4: 153 | D4: 137 | E4: 290 | F4: 0.63992233 | G4: 1415.7843 | H4: 1968.6934 | I4: -552.90912 | J4: 2038.1642 | K4: 2403.3979 | L4: -2.1191969 | M4: 0.034929469 | N4: negative | O4: =Итог!$E$4*(negative!$F4/100)*negative!$I4 -> -3538.1889
O5: =SUM(O2:O4) -> -25613.744
A7: в данных торговых точках наблюдаем отрицательную статистически значимую разницу в среднем чеке с покупки в тестовой группе

Sheet neutral
A1: city | B1: id_trading_point | C1: count_test | D1: count_control | E1: count_all | F1: percent_count | G1: avg_payment_test | H1: avg_payment_control | I1: diff | J1: sigma_test | K1: sigma_control | L1: ttest | M1: pvalue_ttest | N1: exp_flag | O1: Кол-во наблюдений
A2: Санкт-Петербург | B2: 112 | C2: 652 | D2: 683 | E2: 1335 | F2: 2.9458493 | G2: 2488.115 | H2: 2218.6369 | I2: 269.47813 | J2: 2778.1792 | K2: 2780.7907 | L2: 1.770712 | M2: 0.076837103 | N2: neutral | O2: =(16*$K2*$K2)/(Итог!$E$5*Итог!$E$5) -> 123.72475
A3: Москва | B3: 3786 | C3: 237 | D3: 278 | E3: 515 | F3: 1.1364138 | G3: 2613.6835 | H3: 2688.2302 | I3: -74.546672 | J3: 2712.2359 | K3: 3292.9376 | L3: -0.2773987 | M3: 0.78158573 | N3: neutral | O3: =(16*$K3*$K3)/(Итог!$E$5*Итог!$E$5) -> 173.49501
A4: Саратов | B4: 80 | C4: 844 | D4: 880 | E4: 1724 | F4: 3.8042279 | G4: 2517.3306 | H4: 2511.9727 | I4: 5.3578414 | J4: 2797.123 | K4: 2824.7199 | L4: 0.039558086 | M4: 0.96845003 | N4: neutral | O4: =(16*$K4*$K4)/(Итог!$E$5*Итог!$E$5) -> 127.66468
A5: Тольятти | B5: 88 | C5: 190 | D5: 167 | E5: 357 | F5: 0.78776645 | G5: 2902.4105 | H5: 2439.4611 | I5: 462.94945 | J5: 3074.6489 | K5: 2689.3431 | L5: 1.5045563 | M5: 0.13332732 | N5: neutral | O5: =(16*$K5*$K5)/(Итог!$E$5*Итог!$E$5) -> 115.72106
A6: Мурманск | B6: 55 | C6: 422 | D6: 425 | E6: 847 | F6: 1.8690145 | G6: 2109.1066 | H6: 2111.2729 | I6: -2.1663061 | J6: 2790.9934 | K6: 2804.2232 | L6: -0.011267746 | M6: 0.99101249 | N6: neutral | O6: =(16*$K6*$K6)/(Итог!$E$5*Итог!$E$5) -> 125.81868
A7: Красноярск | B7: 212 | C7: 593 | D7: 575 | E7: 1168 | F7: 2.5773423 | G7: 2144.317 | H7: 2222.0522 | I7: -77.735142 | J7: 2708.5887 | K7: 2785.1163 | L7: -0.48358539 | M7: 0.62877095 | N7: neutral | O7: =(16*$K7*$K7)/(Итог!$E$5*Итог!$E$5) -> 124.10996
A8: Казань | B8: 477 | C8: 382 | D8: 386 | E8: 768 | F8: 1.6946909 | G8: 2259.623 | H8: 2496.987 | I8: -237.36401 | J8: 3482.8461 | K8: 3881.9947 | L8: -0.89159336 | M8: 0.3728909 | N8: neutral | O8: =(16*$K8*$K8)/(Итог!$E$5*Итог!$E$5) -> 241.11813
A9: Санкт-Петербург | B9: 309 | C9: 240 | D9: 238 | E9: 478 | F9: 1.0547685 | G9: 2706.2792 | H9: 2392.895 | I9: 313.38421 | J9: 2814.9398 | K9: 2761.9387 | L9: 1.2284546 | M9: 0.21988338 | N9: neutral | O9: =(16*$K9*$K9)/(Итог!$E$5*Итог!$E$5) -> 122.05289
A10: Казань | B10: 439 | C10: 355 | D10: 351 | E10: 706 | F10: 1.5578799 | G10: 2481.9606 | H10: 2400.6353 | I10: 81.325236 | J10: 4040.441 | K10: 3722.1171 | L10: 0.27806735 | M10: 0.7810423 | N10: neutral | O10: =(16*$K10*$K10)/(Итог!$E$5*Итог!$E$5) -> 221.66649
A11: Санкт-Петербург | B11: 576 | C11: 630 | D11: 657 | E11: 1287 | F11: 2.8399312 | G11: 1594.4365 | H11: 1342.1294 | I11: 252.30713 | J11: 2683.7272 | K11: 2415.8227 | L11: 1.774073 | M11: 0.076287834 | N11: neutral | O11: =(16*$K11*$K11)/(Итог!$E$5*Итог!$E$5) -> 93.379186
A12: Красноярск | B12: 277 | C12: 708 | D12: 709 | E12: 1417 | F12: 3.1267929 | G12: 2285.75 | H12: 2431.3653 | I12: -145.6153 | J12: 2712.6779 | K12: 2868.5876 | L12: -0.98170547 | M12: 0.32641279 | N12: neutral | O12: =(16*$K12*$K12)/(Итог!$E$5*Итог!$E$5) -> 131.66071
A13: Москва | B13: 3987 | C13: 801 | D13: 785 | E13: 1586 | F13: 3.4997131 | G13: 1602.995 | H13: 1639.8573 | I13: -36.862319 | J13: 2518.8292 | K13: 2686.3174 | L13: -0.2819652 | M13: 0.77800703 | N13: neutral | O13: =(16*$K13*$K13)/(Итог!$E$5*Итог!$E$5) -> 115.46082
... A32: Сочи | B32: 73 | C32: 187 | D32: 167 | E32: 354 | F32: 0.78114656 | G32: 2092.1818 | H32: 2521.9581 | I32: -429.77627 | J32: 2530.2746 | K32: 2875.4596 | L32: -1.4958447 | M32: 0.13559015 | N32: neutral | O32: =(16*$K32*$K32)/(Итог!$E$5*Итог!$E$5) -> 132.29229
O33: =SUM(O2:O32) -> 4223.9747
A35: для обнаружения статистически значимой разницы в средних чеках с покупки по указанным торговым точкам тестирование можно продолжить
